speed,rpm,tp,load,timing,area,acc_x,acc_y,acc_z,ethanol_fuel_level,coolant_temp,intake_manifold_pressure,afr,battery_voltage,fuel_level,mmcloud_time,cloud_index,latitude,longitude
15,1485,14,25,24,577,0.06,0.04,-0.02,,94,37,100,1318,100,570,1,-5.843028,-35.197472
14,1531,16,24,23,594.890015,-0.09,-0.27,-0.01,,94,40,100,1318,100,477,1,-5.843019,-35.197517
15,1618,17,25,27,663.600037,-0.08,-0.24,-0.02,,93,47,100,1315,100,1924,0,-5.843021,-35.197536
15,1595,20,31,21,826.849976,-0.01,-0.15,0.01,,93,55,100,1313,100,925,0,-5.843062,-35.197556
17,1538,20,37,18,955.260010,-0.17,-0.13,0.02,,92,55,100,1334,100,1926,0,-5.843095,-35.197559
18,1502,18,31,29,808.989990,0.06,0.10,-0.05,,92,54,100,1342,100,637,0,-5.843149,-35.197563
20,1550,15,23,26,655.750000,-0.68,-0.30,0.23,,92,38,100,1342,97,629,0,-5.843187,-35.197567
22,1467,15,25,-1,697.244995,-0.10,0.01,0.04,,92,39,100,1353,91,592,0,-5.843250,-35.197578
24,1173,15,36,-29,801.900024,0.07,0.15,-0.03,,92,41,100,1354,94,594,0,-5.843294,-35.197598
25,1101,14,35,-19,750.299988,0.21,-0.08,0,,92,35,100,1357,92,593,0,-5.843364,-35.197624
26,1099,14,34,-20,749.700012,0.05,0.08,-0.06,,92,34,100,1356,100,641,0,-5.843411,-35.197639
25,1083,14,32,-16,707.655029,-0.21,-0.10,-0.07,,92,33,100,1361,100,595,0,-5.843486,-35.197651
20,1097,14,32,-20,649.220032,-0.32,-0.09,-0.02,,92,33,100,1365,94,593,0,-5.843526,-35.197659
13,1054,14,32,-16,552.150024,-0.19,-0.09,-0.08,,92,33,100,1363,95,595,0,-5.843572,-35.197662
9,967,14,34,-12,508.905029,-0.04,-0.03,-0.02,,93,35,100,1359,100,596,0,-5.843590,-35.197662
8,936,14,35,-11,502.239990,0.01,0,0.03,,93,36,100,1371,100,631,0,-5.843614,-35.197666
8,942,14,35,-10,503.529999,-0.02,0.05,-0.07,,93,36,100,1353,100,803,0,-5.843629,-35.197674
9,1168,16,36,0,622.799988,0.05,0.14,0.04,,93,36,100,1371,92,592,0,-5.843650,-35.197689
11,1517,21,40,16,922.335022,-0.01,0.15,0.05,,94,54,100,1370,92,594,0,-5.843666,-35.197704
14,1864,21,32,13,911.719971,0.23,0.24,0.02,,94,54,100,1369,92,630,0,-5.843673,-35.197742
17,1810,21,38,12,1075.250000,0.21,0.11,-0.03,,94,55,100,1378,94,594,0,-5.843666,-35.197784
20,1859,20,36,17,1080.520020,0.62,0.24,-0.02,,94,54,100,1353,100,595,0,-5.843665,-35.197830
23,1560,19,44,17,1159.099976,0.43,0.32,0,,95,55,100,1372,95,613,0,-5.843659,-35.197880
25,1517,17,29,27,868.590027,0.14,0.11,0,,95,54,100,1376,100,594,0,-5.843658,-35.197945
26,1506,15,26,24,781.560059,0.12,0.01,0,,95,43,100,1372,100,632,0,-5.843662,-35.197990
26,1592,14,20,30,688.159973,-0.26,-0.16,0.06,,95,36,100,1381,100,596,0,-5.843662,-35.198063
26,1513,14,20,-11,669.989990,-0.08,-0.13,0.11,,95,35,100,1369,100,595,0,-5.843657,-35.198116
26,1197,14,36,-24,805.070007,0.29,0.09,0,,95,37,100,1361,94,592,0,-5.843649,-35.198193
25,1120,14,34,-23,743.400024,-0.11,-0.10,0.02,,95,34,100,1379,100,593,0,-5.843644,-35.198238
24,1091,14,32,-19,697.479980,0.15,0.07,-0.16,,95,34,100,1371,97,633,0,-5.843637,-35.198311
22,1089,14,33,-21,684.475037,-0.03,0.12,-0.04,,95,34,100,1378,94,596,0,-5.843634,-35.198357
17,1079,14,33,-19,619.750000,-0.15,-0.06,-0.08,,95,33,100,1373,91,595,0,-5.843627,-35.198406
11,1020,14,33,-15,532.400024,-0.17,-0.03,-0.05,,95,35,100,1382,91,597,0,-5.843624,-35.198433
7,936,15,35,-3,511.559998,-0.08,-0.01,-0.05,,95,39,100,1369,97,595,0,-5.843627,-35.198452
3,1006,18,58,-12,855.830017,-0.06,0.01,-0.05,,95,53,100,1376,91,632,0,-5.843630,-35.198456
0,928,17,58,-9,762.119995,0.01,0.02,0,,95,51,100,1360,93,596,0,-5.843634,-35.198456
0,947,17,58,-9,767.630005,0.01,-0.01,0,,95,50,100,1356,100,595,0,-5.843632,-35.198460
0,915,16,40,-1,503,0.03,0,0.02,,95,42,100,1337,94,595,0,-5.843633,-35.198460
2,963,18,60,-9,856.530029,0.07,-0.04,0.04,,95,52,100,1334,100,634,0,-5.843635,-35.198463
5,1001,18,60,-11,910.325012,0.06,-0.02,0.02,,94,54,100,1342,100,594,0,-5.843640,-35.198471
6,928,16,55,-9,771.039978,0.04,0.02,0.01,,94,47,100,1329,100,594,0,-5.843647,-35.198479
7,923,15,47,-11,654.209961,0.01,-0.01,0,,94,44,100,1332,100,593,0,-5.843660,-35.198490
8,1055,14,38,10,564.650024,-0.01,-0.02,0.05,,94,36,100,1325,100,593,0,-5.843670,-35.198502
7,988,16,36,-2,556.420044,0.04,-0.02,0.01,,94,40,100,1330,100,632,0,-5.843687,-35.198513
7,975,17,50,-14,762.375000,0.02,-0.04,0.03,,94,48,100,1320,100,594,0,-5.843700,-35.198513
7,954,16,49,-13,715.119995,-0.14,-0.02,0.01,,93,46,100,1323,94,595,0,-5.843720,-35.198521
6,964,18,55,-11,843.020020,-0.03,0.01,-0.01,,93,52,100,1319,100,595,0,-5.843731,-35.198521
4,1008,20,63,-12,1007.679993,-0.09,-0.03,-0.03,,93,57,100,1318,97,614,0,-5.843744,-35.198524
0,981,18,64,-12,889.920044,0.02,-0.01,0.01,,93,55,100,1318,100,625,0,-5.843745,-35.198524
0,973,18,63,-10,873.494995,0.08,0,0.05,,92,54,100,1337,100,598,0,-5.843751,-35.198528
4,1181,21,61,10,1066.324951,0.19,0.10,0.07,,92,57,100,1316,100,593,0,-5.843756,-35.198528
9,1646,89,52,13,3216.530029,0.13,0.21,0.03,,92,74,100,1326,96,460,1,-5.843765,-35.198547
14,2158,89,50,8,3538.560059,0.15,0.23,0.10,,92,84,100,1317,100,462,2,-5.843775,-35.198566
24,2804,89,75,10,5793.479980,0.25,0.13,0.15,,92,136,100,1323,100,628,2,-5.843771,-35.198631
34,2513,88,84,1,6674.669922,0.23,-0.03,0.14,,92,144,100,1323,100,595,2,-5.843764,-35.198696
42,2531,89,89,0,7487.304688,0.22,-0.03,0.13,,92,155,100,1318,100,462,2,-5.843745,-35.198814
51,2612,32,99,1,4359,0.16,-0.02,0.10,,92,141,100,1318,100,462,2,-5.843737,-35.198914
55,2141,39,72,19,3836.034912,0.09,0.07,-0.02,,92,94,100,1312,96,475,1,-5.843722,-35.199074
54,1610,15,20,-26,1150.700073,-0.16,-0.01,-0.05,,93,38,100,1318,87,614,0,-5.843714,-35.199177
47,1400,14,31,0,1092,-0.23,0.06,-0.17,,93,35,100,1424,92,595,0,-5.843706,-35.199322
36,1510,16,29,0,1010.750000,-0.27,0.05,-0.19,,94,32,100,1554,87,606,0,-5.843694,-35.199394
24,1345,15,33,0,810.825012,-0.23,0,-0.14,,95,37,100,1497,82,604,0,-5.843682,-35.199478
18,1190,17,42,11,866.999939,0,0.01,0.02,,95,41,100,1394,100,627,0,-5.843679,-35.199512
20,2386,89,45,9,3667.950195,0.19,-0.02,0.10,,96,89,100,1317,100,467,1,-5.843673,-35.199574
28,2422,89,60,8,4981.680176,0.25,-0.02,0.06,,96,113,100,1315,100,593,2,-5.843665,-35.199623
34,2197,89,72,5,5881.410156,0.15,-0.01,0.11,,96,116,100,1321,100,592,2,-5.843650,-35.199726
42,2463,89,81,1,6988.245117,0.18,-0.07,0.13,,96,144,100,1335,100,594,2,-5.843643,-35.199802
50,2622,39,93,0,4663.229980,0.21,0.02,0.12,,96,151,100,1339,100,628,2,-5.843626,-35.199947
56,2649,51,95,-1,5850.494629,0.25,0.09,0.10,,95,160,100,1348,100,598,2,-5.843616,-35.200054
62,2610,36,92,1,4781.700195,0.11,0.03,0.06,,95,143,100,1353,100,592,2,-5.843593,-35.200233
64,1967,89,52,12,6302.859863,0.05,0.02,0.03,,94,80,100,1353,100,593,2,-5.843585,-35.200356
64,1702,89,69,31,7050.330078,0.05,0,-0.01,,94,75,100,1353,96,593,2,-5.843561,-35.200546
63,1530,25,45,11,2176.199951,0.06,0,-0.01,,94,60,100,1343,96,627,1,-5.843547,-35.200672
63,2317,89,65,5,7178.879883,0.09,-0.01,0.04,,94,106,100,1361,100,597,2,-5.843532,-35.200855
66,2416,28,63,12,3364.320068,0.04,-0.02,0.06,,94,108,100,1364,100,591,1,-5.843522,-35.200985
67,2101,84,67,8,7035.669922,0.10,0.01,0.08,,95,103,100,1353,100,593,2,-5.843513,-35.201180
69,2332,89,68,7,7693.919922,0.08,0.04,0.04,,95,118,100,1361,96,478,2,-5.843508,-35.201313
71,2356,29,64,14,3547.799805,0.07,0.09,0,,95,105,100,1356,97,613,1,-5.843497,-35.201511
71,1863,31,56,12,3151.504883,0.01,0.11,0.03,,95,83,100,1371,91,594,1,-5.843482,-35.201649
70,1631,16,35,33,1696.275024,0.01,0.19,-0.02,,95,54,100,1365,92,594,0,-5.843441,-35.201851
68,1523,15,19,0,1315.004883,-0.13,0.12,-0.09,,95,31,100,1389,93,594,0,-5.843410,-35.201984
62,1563,14,18,0,1185.200073,-0.08,0.11,-0.06,,95,24,100,1506,77,627,0,-5.843342,-35.202160
59,1569,14,20,0,1172.755005,-0.05,0.12,-0.04,,95,26,100,1563,85,597,0,-5.843292,-35.202267
56,1515,14,21,0,1122.275024,-0.01,0.12,-0.01,,95,25,100,1564,91,594,0,-5.843210,-35.202415
55,1525,14,21,0,1111.500000,-0.03,0.10,-0.01,,95,25,100,1562,82,594,0,-5.843148,-35.202503
55,1536,14,22,0,1130.359985,-0.02,0.12,0,,94,25,100,1563,89,595,0,-5.843046,-35.202633
54,1517,14,22,0,1108.460083,-0.12,0.09,-0.02,,94,24,100,1564,83,626,0,-5.842974,-35.202709
50,1486,14,22,0,1038.959961,-0.24,0.09,-0.12,,94,24,100,1564,82,597,0,-5.842857,-35.202812
42,1516,14,22,0,933.119995,-0.25,0.03,-0.11,,94,24,100,1572,77,591,0,-5.842791,-35.202866
33,1510,14,22,0,800.250000,-0.23,0.01,-0.18,,93,24,100,1560,80,593,0,-5.842705,-35.202923
23,1256,16,31,-20,771.119995,-0.10,0.02,-0.12,,93,36,100,1495,82,627,0,-5.842661,-35.202953
20,1288,16,36,-4,808.640015,-0.04,0,0,,92,37,100,1389,100,597,0,-5.842609,-35.202980
22,1791,23,37,-2,1206.844971,0.07,0.01,0.04,,92,54,100,1357,89,594,0,-5.842573,-35.202999
26,2053,89,43,7,3778.785156,0.12,0.01,0.05,,91,80,100,1361,100,595,1,-5.842507,-35.203033
31,1996,89,58,4,4848.719727,0.11,0.01,0.11,,91,91,100,1383,100,595,2,-5.842456,-35.203060
37,2243,89,70,3,5961.504883,0.21,0.06,0.09,,91,118,100,1387,100,649,2,-5.842365,-35.203102
44,2445,89,79,3,6977.174805,0.26,0.03,0.19,,90,134,100,1394,100,841,2,-5.842291,-35.203144
53,2639,32,92,2,4233.274902,0.14,-0.02,0.12,,90,141,100,1389,100,650,1,-5.842161,-35.203209
59,2498,81,78,2,7259.630371,0.12,-0.01,0.10,,90,137,100,1389,100,651,2,-5.842008,-35.203289
65,2661,38,96,0,5201.104980,0.20,0.04,0.09,,91,149,100,1386,100,993,2,-5.841899,-35.203346
70,2700,41,94,0,5576,0.03,-0.09,0.14,,91,150,100,1396,100,648,2,-5.841716,-35.203442
75,2668,40,92,1,5567.779785,0.06,0.02,0.09,,92,148,100,1389,100,660,2,-5.841586,-35.203503
80,2686,40,99,0,5983.969727,0.16,0.04,0.05,,93,149,100,1395,100,663,2,-5.841381,-35.203613
85,2770,42,96,0,6307.850098,-0.03,0.09,0.13,,93,153,100,1400,100,635,2,-5.841236,-35.203690
89,2914,89,100,0,11164.230469,0,-0.04,0.11,,94,164,100,1393,100,490,2,-5.841004,-35.203808
94,2877,34,100,0,6088.689941,0.17,0.08,0.02,,96,146,100,1391,100,633,2,-5.840842,-35.203892
96,2362,38,65,5,4960.409668,0.12,0.14,0.02,,96,112,100,1394,94,629,2,-5.840592,-35.204025
98,2694,89,87,1,10724.450195,0.12,0.09,0.01,,97,153,100,1389,100,483,2,-5.840422,-35.204109
99,2475,17,26,42,2609.375000,0.01,-0.03,-0.02,,97,55,100,1394,100,730,1,-5.840163,-35.204239
98,1886,12,10,0,1666.440063,-0.06,0.03,-0.05,,97,20,100,1446,97,639,0,-5.839993,-35.204327
92,1782,12,10,0,1520.819946,-0.10,0.06,-0.11,,96,19,100,1570,85,644,0,-5.839750,-35.204460
88,1697,13,13,0,1513.484985,0.02,0.01,-0.02,,95,21,100,1564,100,655,0,-5.839595,-35.204540
86,1742,23,37,11,2485.830078,0.03,-0.04,-0.03,,94,57,100,1458,97,634,1,-5.839366,-35.204655
85,1649,12,16,21,1438.744995,-0.07,0.02,-0.04,,93,34,100,1373,97,637,0,-5.839218,-35.204735
79,1558,12,13,0,1268.680054,-0.19,0,-0.06,,93,19,100,1460,87,634,0,-5.839009,-35.204853
72,1603,14,16,0,1321.320068,-0.02,0.10,-0.05,,92,24,100,1564,85,640,0,-5.838883,-35.204922
66,1586,14,18,0,1254.119995,-0.08,0,0.04,,92,24,100,1565,93,644,0,-5.838705,-35.205009
63,1561,14,19,0,1214.010010,-0.07,-0.02,0.02,,92,24,100,1565,97,939,0,-5.838591,-35.205067
59,1511,13,20,0,1110.344971,-0.16,-0.01,-0.07,,91,23,100,1565,91,667,0,-5.838444,-35.205147
52,1507,14,21,0,1061.055054,-0.16,0.06,-0.14,,91,24,100,1570,91,663,0,-5.838350,-35.205196
43,1495,14,23,0,955.349976,-0.22,0.07,-0.09,,91,24,100,1568,77,667,0,-5.838224,-35.205254
35,1541,14,21,0,823.479980,-0.15,0.17,-0.10,,91,24,100,1569,72,641,0,-5.838153,-35.205280
28,1505,14,22,0,726.250000,-0.09,0.12,-0.06,,91,25,100,1572,76,649,0,-5.838065,-35.205299
26,1605,19,33,21,1033.974976,-0.01,0.10,0.04,,91,42,100,1459,87,648,0,-5.838011,-35.205299
27,1824,23,31,20,1195.959961,0.05,0.11,0.03,,91,58,100,1364,96,650,0,-5.837929,-35.205296
29,1802,25,39,18,1462.680054,0.07,0.01,0.05,,91,63,100,1359,100,655,0,-5.837873,-35.205280
31,1582,28,52,13,1818.529907,0.05,-0.06,0.05,,91,66,100,1378,100,1012,0,-5.837781,-35.205261
32,1490,18,35,31,1102.150024,0.02,-0.17,0,,91,58,100,1387,100,888,0,-5.837716,-35.205250
32,1515,14,23,29,801.625000,0.01,-0.24,-0.03,,91,38,100,1392,100,661,0,-5.837615,-35.205254
32,1519,16,23,25,857.724976,-0.01,-0.33,-0.02,,91,38,100,1391,100,647,0,-5.837553,-35.205273
32,1531,16,25,23,892.335022,-0.01,-0.34,0.02,,91,43,100,1389,100,663,0,-5.837472,-35.205330
33,1530,21,35,22,1234.200073,0.02,-0.26,-0.01,,91,57,100,1389,100,666,0,-5.837435,-35.205376
33,1515,22,40,23,1355.974976,0.02,-0.32,0,,92,60,100,1401,100,662,0,-5.837403,-35.205471
34,1519,20,34,28,1196.459961,-0.06,-0.33,0.03,,92,60,100,1389,100,671,0,-5.837401,-35.205540
35,1524,20,32,29,1180.540039,-0.02,-0.33,-0.01,,92,59,100,1392,100,663,0,-5.837429,-35.205639
35,1518,16,29,29,997.760010,0,-0.25,-0.01,,92,54,100,1407,100,663,0,-5.837467,-35.205692
35,1530,14,26,30,893.650024,-0.01,-0.12,0,,92,42,100,1403,100,649,0,-5.837548,-35.205757
32,1483,14,23,0,792.825012,-0.13,0.08,-0.08,,92,34,100,1417,87,654,0,-5.837602,-35.205791
26,1259,15,27,0,731.135071,-0.05,0.14,-0.03,,93,35,100,1473,80,654,0,-5.837666,-35.205845
24,1178,15,38,-22,830.179993,-0.04,0.16,0,,93,38,100,1389,83,633,0,-5.837695,-35.205879
22,1109,14,34,-20,702.520020,-0.02,0.12,-0.01,,93,33,100,1386,86,655,0,-5.837725,-35.205940
21,1098,15,33,-19,701.460022,-0.02,0.09,-0.01,,94,34,100,1398,89,659,0,-5.837739,-35.205982
20,1094,15,34,-17,700.380005,-0.02,0.08,-0.02,,94,35,100,1389,85,637,0,-5.837751,-35.206043
19,1101,15,35,7,702.270020,0.02,0.06,-0.02,,94,34,100,1401,91,651,0,-5.837759,-35.206085
19,1542,15,22,20,623.609985,0.01,0,0.01,,94,38,100,1405,94,643,0,-5.837766,-35.206135
19,1492,15,24,3,643.279968,-0.01,0,0.01,,94,39,100,1404,100,658,0,-5.837772,-35.206177
18,1364,17,40,-32,888.559998,-0.07,0.01,-0.04,,94,47,100,1401,97,653,0,-5.837779,-35.206223
13,1095,15,38,-21,661.724976,-0.17,0.02,-0.11,,93,38,100,1389,87,641,0,-5.837781,-35.206257
5,879,20,40,11,647.775024,-0.12,0.02,-0.07,,93,53,100,1396,87,634,0,-5.837784,-35.206272
0,984,19,63,-10,908.460022,-0.03,0.02,-0.02,,93,54,100,1387,96,632,0,-5.837786,-35.206276
0,968,19,64,-11,917.760010,0.02,0.02,0.01,,93,55,100,1373,92,632,0,-5.837787,-35.206276
0,955,14,58,-5,682.950012,0.01,0.01,0.01,,92,43,100,1371,100,628,0,-5.837786,-35.206276
0,953,20,60,-15,885.899963,0.08,0.03,0.05,,92,55,100,1353,100,633,0,-5.837785,-35.206280
3,996,19,65,-11,984.640015,0.07,0.01,0.05,,92,56,100,1351,97,633,0,-5.837786,-35.206284
5,1013,20,67,5,1084.680054,0.06,0.02,0.07,,92,56,100,1352,100,653,0,-5.837786,-35.206299
8,1280,20,47,12,902,0.08,0,0.08,,92,61,100,1348,100,641,0,-5.837787,-35.206318
10,1462,23,46,14,1053.359985,0.07,0.02,0.04,,92,61,100,1348,96,644,0,-5.837788,-35.206345
13,1862,26,39,14,1160.119995,0.10,0.01,0.07,,92,63,100,1338,100,687,0,-5.837790,-35.206367
17,1894,27,39,12,1286.319946,0.09,0.01,0.05,,91,68,100,1343,100,659,0,-5.837796,-35.206417
19,1909,32,42,15,1558.244995,0.09,-0.03,0.10,,91,72,100,1336,100,633,0,-5.837800,-35.206455
23,1915,89,43,12,3568.950195,0.11,-0.01,0.06,,91,75,100,1342,100,628,1,-5.837806,-35.206524
26,1737,89,61,11,4627.095215,0.11,0.04,0.07,,91,80,100,1341,100,630,2,-5.837813,-35.206577
30,1854,89,60,11,4839.300293,0.11,0.04,0.07,,91,85,100,1350,100,630,2,-5.837824,-35.206661
33,1903,89,59,10,4969.380371,0.14,0.06,0.06,,91,86,100,1349,100,634,2,-5.837832,-35.206722
37,2002,89,56,10,5069.430176,0.13,0.03,0.05,,91,89,100,1353,100,630,2,-5.837844,-35.206833
41,2037,89,58,11,5413.814941,0.07,0,0.05,,91,92,100,1369,100,646,2,-5.837853,-35.206909
44,2142,89,60,8,5741.840332,0.11,-0.02,0.08,,92,100,100,1363,100,655,2,-5.837866,-35.207035
48,2232,89,64,9,6233.919922,0.18,0.03,0.05,,92,109,100,1360,100,642,2,-5.837878,-35.207127
51,2146,89,63,10,6296.219727,0.13,0.01,0.06,,92,104,100,1380,100,661,2,-5.837895,-35.207275
54,2143,89,61,10,6349.725586,0.07,0,0.05,,93,101,100,1376,100,638,2,-5.837908,-35.207378
56,2153,89,60,11,6410.739746,0.08,-0.01,0.06,,93,100,100,1373,100,661,2,-5.837930,-35.207542
59,1998,32,55,12,2962.860107,0.02,-0.03,0.08,,94,87,100,1362,100,673,1,-5.837950,-35.207657
60,1829,22,52,31,2256.239990,0.07,0.08,0.06,,94,72,100,1378,92,664,1,-5.837976,-35.207832
62,1456,14,24,25,1228.079956,-0.01,0.01,0.01,,95,36,100,1386,100,639,0,-5.837994,-35.207954
61,1531,12,21,0,1119.709961,-0.14,0.01,-0.04,,95,31,100,1440,82,630,0,-5.838021,-35.208138
57,1529,14,21,0,1142.310059,-0.16,0,-0.10,,96,26,100,1564,74,626,0,-5.838037,-35.208252
51,1526,14,23,0,1082.619995,-0.22,-0.03,-0.11,,96,26,100,1568,97,667,0,-5.838061,-35.208408
44,1512,14,23,0,975.520020,-0.23,0.07,-0.12,,96,25,100,1571,94,671,0,-5.838077,-35.208496
37,1514,14,23,0,874.200012,-0.24,0.06,-0.17,,96,25,100,1567,80,663,0,-5.838094,-35.208607
28,1479,14,24,0,748.539978,-0.28,0.01,-0.16,,96,26,100,1552,66,656,0,-5.838103,-35.208668
19,1161,15,38,-24,758.384949,-0.14,0.02,0.01,,95,37,100,1440,82,647,0,-5.838113,-35.208729
18,1600,20,27,0,810,0.06,0.01,0.01,,95,44,100,1363,74,702,0,-5.838120,-35.208763
20,1827,23,35,9,1134.925049,0.08,0.04,0.04,,94,60,100,1376,100,677,0,-5.838128,-35.208820
23,1822,32,46,7,1732.589966,0.08,-0.02,0.05,,94,72,100,1384,100,655,0,-5.838135,-35.208862
27,1683,89,55,12,4339.030273,0.10,0,0.04,,93,75,100,1380,100,652,1,-5.838145,-35.208939
30,1581,29,58,13,1971.640015,0.07,0.02,0.04,,92,71,100,1383,100,655,0,-5.838156,-35.209000
33,1500,21,50,22,1494,0.01,0.02,0.03,,92,57,100,1383,100,669,0,-5.838172,-35.209091
33,1509,13,21,6,758.429993,-0.04,0,-0.03,,91,37,100,1385,97,629,0,-5.838181,-35.209156
30,1482,13,24,0,751.140015,-0.13,-0.04,-0.09,,91,24,100,1457,100,634,0,-5.838197,-35.209248
24,1144,17,31,-34,782.100037,-0.11,-0.01,-0.09,,91,35,100,1453,93,645,0,-5.838206,-35.209297
17,1142,15,36,-22,700.130005,-0.04,0.02,0.09,,91,36,100,1349,86,675,0,-5.838218,-35.209351
14,1796,24,35,0,1028.019897,0.07,-0.01,0.06,,90,52,100,1368,100,642,0,-5.838225,-35.209377
16,2167,59,41,9,2299.094971,0.18,-0.03,0.13,,91,82,100,1372,100,665,1,-5.838229,-35.209423
19,2183,89,45,11,3546.560059,0.13,-0.04,0.13,,91,84,100,1379,100,663,1,-5.838236,-35.209461
23,2284,89,51,11,4138.080078,0.16,-0.02,0.14,,91,96,100,1370,100,651,1,-5.838243,-35.209522
27,2007,89,62,10,4853.614746,0.17,0.04,0.13,,91,94,100,1382,100,671,2,-5.838251,-35.209576
31,2139,89,64,10,5243.524902,0.16,0,0.08,,91,104,100,1378,100,664,2,-5.838263,-35.209663
35,2188,89,62,10,5377.679688,0.17,0.01,0.09,,91,105,100,1378,100,666,2,-5.838276,-35.209728
39,2191,89,63,10,5656.410156,0.16,0.01,0.08,,92,105,100,1369,100,641,2,-5.838288,-35.209839
42,2208,89,63,10,5831.699707,0.15,0.01,0.09,,92,106,100,1370,100,659,2,-5.838299,-35.209919
43,1766,27,58,12,2255.329834,0.02,-0.02,0.05,,93,76,100,1370,100,664,1,-5.838316,-35.210049
43,1402,13,25,26,918.679993,0.07,0.10,0.01,,93,37,100,1373,96,643,0,-5.838329,-35.210133
41,1534,12,20,0,833.870056,-0.02,0.16,-0.03,,94,30,100,1428,83,656,0,-5.838338,-35.210251
38,1547,16,21,17,928.364990,0.01,0.22,0,,94,29,100,1473,87,646,0,-5.838333,-35.210331
38,1533,18,29,27,1116.555054,0.01,0.27,0.02,,95,49,100,1365,86,666,0,-5.838300,-35.210442
37,1523,20,33,25,1233.050049,0.05,0.31,0.01,,95,56,100,1354,89,654,0,-5.838262,-35.210503
38,1517,22,39,22,1431.044922,-0.02,0.20,0.06,,96,59,100,1365,91,645,0,-5.838177,-35.210579
39,1554,24,47,12,1700.219971,0.03,0.17,0.05,,96,61,100,1379,89,649,0,-5.838109,-35.210617
40,1508,13,23,32,884.519958,-0.17,-0.01,-0.12,,96,42,100,1374,89,636,0,-5.837996,-35.210655
33,1454,12,22,0,729.850037,-0.23,0.03,-0.16,,95,26,100,1426,87,643,0,-5.837928,-35.210674
24,1253,16,30,-32,770.309998,-0.20,-0.03,-0.12,,95,37,100,1448,91,633,0,-5.837852,-35.210701
18,1150,14,36,-26,688.500000,-0.07,-0.03,-0.03,,94,36,100,1363,93,628,0,-5.837815,-35.210712
17,1287,16,32,-11,707.315002,0.01,-0.07,0.01,,94,33,100,1360,100,633,0,-5.837767,-35.210728
19,2133,80,45,-1,3242.560059,0.12,-0.06,0.08,,94,81,100,1373,100,674,1,-5.837711,-35.210751
27,2427,89,56,8,4700.705078,0.15,-0.03,0.13,,93,109,100,1376,100,670,2,-5.837663,-35.210770
34,1745,24,57,12,1885.975098,0.09,0.05,0.03,,92,72,100,1374,100,1105,0,-5.837571,-35.210808
40,2058,89,74,6,6246.060059,0.19,0.03,0.13,,92,99,100,1378,100,638,2,-5.837497,-35.210831
48,2325,85,71,5,6440.875000,0.16,0.01,0.08,,92,124,100,1372,100,634,2,-5.837413,-35.210861
55,2612,89,96,-1,8691.559570,0.20,0.09,0.11,,92,164,100,1371,96,481,2,-5.837261,-35.210899
62,2460,33,81,3,4118.399902,0.09,-0.14,0.09,,91,129,100,1371,100,630,1,-5.837084,-35.210938
67,2132,32,64,8,3492.459961,0.08,-0.15,0.06,,92,99,100,1357,100,625,1,-5.836954,-35.210968
69,1778,27,53,13,2731.580078,0.01,-0.06,-0.01,,92,67,100,1376,100,629,1,-5.836758,-35.211025
69,1470,14,23,-17,1320.199951,-0.03,-0.02,-0.04,,93,34,100,1371,100,630,0,-5.836629,-35.211067
67,1596,13,19,0,1245.279907,-0.06,0.01,-0.10,,93,24,100,1485,86,625,0,-5.836441,-35.211128
61,1529,14,20,0,1186.244995,-0.12,-0.12,-0.04,,94,24,100,1568,89,625,0,-5.836323,-35.211166
57,1534,14,21,0,1144.260010,-0.08,-0.18,-0.05,,94,24,100,1565,100,629,0,-5.836162,-35.211239
54,1536,14,20,0,1086.319946,-0.03,-0.26,-0.05,,95,25,100,1570,100,632,0,-5.836068,-35.211296
53,1513,14,21,0,1077.810059,-0.01,-0.15,-0.04,,95,24,100,1570,100,627,0,-5.835950,-35.211384
50,1513,14,21,0,1034.114990,-0.10,-0.03,-0.07,,95,24,100,1569,100,638,0,-5.835881,-35.211456
44,1487,14,23,0,967.145020,-0.12,0.05,-0.11,,95,24,100,1573,82,662,0,-5.835792,-35.211544
39,1583,14,20,0,879.984985,-0.04,0.10,0.02,,95,26,100,1564,85,639,0,-5.835736,-35.211597
37,1543,14,22,0,868.184998,0.02,0.15,-0.03,,94,24,100,1559,96,652,0,-5.835651,-35.211662
37,1547,23,43,12,1538.800049,0.16,0.29,-0.04,,94,53,100,1445,87,652,0,-5.835589,-35.211704
38,1584,29,51,13,1995.380005,0.03,0.22,0.08,,93,68,100,1354,89,648,0,-5.835487,-35.211742
39,1583,29,52,13,2039.765015,0.07,0.02,-0.05,,93,67,100,1361,83,659,0,-5.835411,-35.211765
40,1517,14,27,29,977.195007,-0.04,-0.06,0.03,,92,43,100,1378,100,666,0,-5.835294,-35.211792
39,1526,14,19,3,848.540039,-0.05,-0.10,-0.05,,91,31,100,1379,96,655,0,-5.835217,-35.211807
37,1509,13,22,0,828.654968,0.01,-0.04,-0.03,,91,24,100,1467,100,653,0,-5.835109,-35.211838
35,1509,14,24,0,858.155029,0.09,0.08,-0.09,,90,27,100,1547,100,645,0,-5.835043,-35.211853
35,1565,21,32,18,1227.775024,0.04,0.03,-0.02,,90,52,100,1436,96,670,0,-5.834944,-35.211872
36,1534,23,48,19,1610.280029,0.32,0.19,0.03,,89,61,100,1353,100,659,0,-5.834875,-35.211887
37,1525,21,36,25,1323.125000,0.03,-0.01,0.01,,89,60,100,1372,100,661,0,-5.834768,-35.211903
37,1523,20,35,25,1268.280029,-0.28,-0.19,0.06,,89,57,100,1384,94,1015,0,-5.834696,-35.211918
38,1534,21,37,25,1362.750000,0.23,0.07,-0.03,,89,59,100,1387,89,650,0,-5.834586,-35.211933
39,1522,21,34,25,1322.030029,-0.03,-0.02,-0.02,,89,60,100,1375,100,669,0,-5.834511,-35.211945
39,1534,21,38,24,1399.089966,-0.03,-0.05,0.05,,90,60,100,1385,96,644,0,-5.834399,-35.211960
40,1526,21,37,25,1396.010010,0.16,0.11,-0.02,,90,60,100,1374,97,642,0,-5.834322,-35.211967
41,1542,22,40,23,1515.510010,0.18,0.08,-0.04,,90,60,100,1374,96,667,0,-5.834203,-35.211975
42,1522,21,37,25,1430.689941,0.06,0.02,0.01,,90,60,100,1371,100,669,0,-5.834121,-35.211983
43,1521,21,35,26,1412.190063,-0.06,-0.10,0.04,,91,60,100,1378,100,717,0,-5.833999,-35.211990
44,1514,19,30,28,1263.180054,0,-0.06,0.02,,91,59,100,1379,100,977,0,-5.833913,-35.211990
44,1516,17,29,30,1173.839966,0.05,-0.02,-0.02,,91,53,100,1379,100,641,0,-5.833781,-35.212002
44,1512,15,25,26,1039.140015,0.02,-0.04,-0.06,,91,42,100,1364,100,626,0,-5.833692,-35.212009
45,1523,15,25,24,1058.049927,0.03,-0.01,0.01,,92,41,100,1372,100,641,0,-5.833557,-35.212013
45,1527,14,21,29,965.910034,0.07,0.07,-0.03,,92,37,100,1376,97,648,0,-5.833467,-35.212013
45,1526,14,21,27,965.579956,-0.01,0.04,0.03,,92,35,100,1374,89,651,0,-5.833333,-35.212009
46,1544,13,18,11,910.080017,-0.04,0.01,0.01,,93,32,100,1376,100,673,0,-5.833243,-35.212006
45,1501,12,18,0,850.815002,-0.04,-0.05,-0.03,,93,23,100,1460,94,653,0,-5.833108,-35.212002
44,1532,14,21,0,952.899963,-0.01,0.01,-0.04,,93,25,100,1571,92,628,0,-5.833021,-35.211990
43,1546,14,22,0,957.450012,-0.04,-0.03,-0.01,,94,26,100,1571,92,635,0,-5.832894,-35.211983
42,1531,14,22,0,937.920044,-0.06,-0.07,-0.03,,94,25,100,1565,100,959,0,-5.832811,-35.211975
41,1520,14,22,0,919.799988,-0.11,-0.08,-0.06,,94,25,100,1576,96,650,0,-5.832691,-35.211967
38,1504,14,23,0,885.720032,-0.06,-0.05,-0.05,,94,25,100,1564,100,649,0,-5.832617,-35.211960
36,1519,14,23,0,861.104980,-0.02,-0.01,-0.04,,94,25,100,1568,96,648,0,-5.832509,-35.211948
34,1524,14,23,0,833.339966,-0.04,-0.05,0.02,,94,25,100,1572,97,639,0,-5.832443,-35.211941
32,1527,14,24,0,819.559998,-0.04,-0.03,-0.01,,93,25,100,1568,97,631,0,-5.832350,-35.211926
31,1530,16,22,18,829.450012,0.02,-0.01,0,,93,32,100,1506,97,637,0,-5.832290,-35.211910
30,1525,15,24,29,816.750000,0.06,0.02,-0.01,,92,42,100,1390,100,1060,0,-5.832201,-35.211895
30,1525,14,20,30,731.250000,0.03,0.06,0.02,,92,34,100,1354,97,649,0,-5.832140,-35.211884
30,1523,14,20,15,730.749939,-0.06,-0.10,0.01,,92,34,100,1368,97,1154,0,-5.832052,-35.211864
29,1506,14,20,0,711.969971,0.01,0.01,-0.03,,91,33,100,1416,97,655,0,-5.831967,-35.211845
28,1646,17,22,28,836.500000,0.08,0.07,0.01,,91,39,100,1356,100,668,0,-5.831913,-35.211826
28,1664,18,23,26,883.319946,0.04,0.01,0,,90,44,100,1374,100,641,0,-5.831832,-35.211803
28,1681,20,27,28,1012.274963,0.02,-0.04,0.03,,90,56,100,1371,100,663,0,-5.831777,-35.211792
29,1535,21,34,25,1145.025024,0.06,-0.01,0.01,,89,59,100,1370,100,713,0,-5.831693,-35.211769
30,1528,22,39,22,1286.160034,0.08,0.03,0.03,,89,60,100,1370,100,657,0,-5.831635,-35.211746
31,1541,22,37,23,1271.939941,0.01,0.04,0.05,,89,60,100,1378,97,650,0,-5.831545,-35.211723
32,1522,23,45,20,1471.469971,0.07,0.01,0.03,,89,61,100,1380,100,644,0,-5.831483,-35.211704
34,1530,23,49,18,1589.449951,0.06,0.03,0.03,,89,62,100,1383,100,660,0,-5.831387,-35.211678
35,1530,24,52,18,1709.550049,0.13,0.01,0.04,,90,63,100,1372,100,659,0,-5.831321,-35.211651
37,1545,27,50,13,1846.574951,0.12,0.04,-0.05,,90,66,100,1381,100,661,0,-5.831218,-35.211620
38,1517,22,49,14,1616.895020,0.03,-0.06,0,,90,62,100,1379,100,643,0,-5.831147,-35.211597
38,1500,22,41,24,1461.500000,0.03,-0.03,0.03,,90,61,100,1374,100,626,0,-5.831037,-35.211559
40,1534,21,38,24,1417.260010,0.02,-0.11,-0.01,,91,61,100,1379,100,630,0,-5.830963,-35.211536
40,1528,20,33,28,1287.719971,0.03,0.03,0.03,,91,60,100,1381,100,624,0,-5.830849,-35.211494
40,1519,20,33,28,1284.435059,0.02,0.04,0.02,,91,60,100,1359,97,639,0,-5.830772,-35.211472
41,1529,21,36,26,1397.165039,0.01,0.04,0.03,,92,59,100,1383,96,626,0,-5.830658,-35.211433
42,1531,20,32,29,1306.469971,-0.02,-0.01,0.03,,92,59,100,1371,100,636,0,-5.830581,-35.211399
43,1535,19,31,30,1270.950073,0.05,-0.02,0,,92,59,100,1383,97,646,0,-5.830462,-35.211349
44,1500,13,25,29,966,0.02,-0.03,0,,93,40,100,1383,100,669,0,-5.830380,-35.211311
45,1513,14,22,28,975.854980,-0.01,-0.07,0.01,,93,37,100,1365,100,639,0,-5.830255,-35.211273
45,1547,13,19,29,911.040039,0.01,-0.07,0,,93,34,100,1368,100,668,0,-5.830169,-35.211243
45,1482,12,20,0,871.650024,-0.07,-0.03,-0.03,,94,28,100,1439,100,663,0,-5.830047,-35.211201
43,1538,14,20,0,925.469971,-0.07,-0.03,-0.03,,94,26,100,1564,96,657,0,-5.829973,-35.211163
39,1504,14,22,0,885.720032,-0.12,-0.01,-0.10,,94,25,100,1575,94,646,0,-5.829869,-35.211117
34,1509,14,22,0,814.520020,-0.13,0.13,-0.09,,94,25,100,1575,86,669,0,-5.829810,-35.211082
28,1506,14,24,0,755.559998,-0.09,0.20,-0.08,,95,25,100,1576,77,664,0,-5.829738,-35.211033
25,1186,15,37,-31,832.659973,-0.07,0.20,-0.01,,94,37,100,1459,80,646,0,-5.829703,-35.210995
23,1127,14,35,-27,732.830017,-0.06,0.26,-0.01,,94,34,100,1363,83,653,0,-5.829672,-35.210934
23,1762,22,31,0,1069.739990,0.06,0.28,0.02,,94,54,100,1357,86,658,0,-5.829666,-35.210888
25,2276,89,51,-3,4246.879883,0.19,0.10,0.09,,94,93,100,1369,89,651,1,-5.829677,-35.210819
33,2453,32,69,5,2883.030029,0.22,0.19,0.16,,94,120,100,1381,100,651,1,-5.829693,-35.210758
39,2436,89,75,5,6461.520020,0.31,0,0.12,,93,133,100,1379,100,644,2,-5.829725,-35.210655
42,1793,30,53,11,2276.675049,0.14,0.16,-0.02,,93,76,100,1381,100,662,1,-5.829749,-35.210575
44,1438,12,31,28,989.250000,-0.08,0.02,-0.02,,92,45,100,1381,82,642,0,-5.829789,-35.210457
40,1522,12,23,0,857.430054,-0.08,-0.02,-0.05,,92,33,100,1436,83,641,0,-5.829814,-35.210384
38,1524,14,22,0,877.200012,-0.04,0.17,-0.03,,92,26,100,1547,94,624,0,-5.829854,-35.210281
37,1548,16,23,29,944.400024,0.05,0.09,-0.01,,92,42,100,1439,92,640,0,-5.829881,-35.210213
36,1514,15,22,26,874.059998,0.12,0.07,0,,92,37,100,1359,93,624,0,-5.829924,-35.210114
36,1516,16,26,25,965.960022,-0.16,0.07,0.03,,92,44,100,1361,97,632,0,-5.829952,-35.210045
35,1518,18,32,26,1111.530029,-0.07,0,0.09,,92,54,100,1373,100,624,0,-5.829997,-35.209949
35,1525,17,31,28,1064.250000,-0.06,-0.20,-0.02,,92,54,100,1390,100,629,0,-5.830022,-35.209888
35,1520,17,30,27,1046.500000,-0.05,-0.04,-0.03,,92,51,100,1383,94,636,0,-5.830061,-35.209793
35,1517,17,30,29,1045.525024,-0.01,-0.01,0.01,,92,51,100,1389,100,627,0,-5.830086,-35.209724
35,1519,15,26,26,920.794983,0.11,-0.20,-0.11,,92,41,100,1374,100,624,0,-5.830120,-35.209625
34,1530,14,24,28,849.699951,0,-0.13,0.01,,92,40,100,1379,92,654,0,-5.830143,-35.209564
34,1527,13,21,28,777.424988,-0.03,-0.10,0.07,,92,36,100,1381,97,651,0,-5.830178,-35.209469
34,1523,14,21,28,803.825012,0.03,0.03,-0.03,,92,35,100,1383,100,660,0,-5.830202,-35.209408
34,1535,13,20,28,765.450012,0.23,0.05,-0.04,,92,34,100,1378,100,667,0,-5.830236,-35.209312
33,1522,15,24,24,861.270020,0.02,-0.13,-0.01,,92,40,100,1378,100,660,0,-5.830256,-35.209248
34,1530,19,29,29,1080.449951,0.18,0.25,0.02,,92,55,100,1373,100,1930,0,-5.830286,-35.209152
34,1526,21,33,28,1214.709961,0.07,0.06,0.03,,92,59,100,1375,97,658,0,-5.830308,-35.209087
35,1512,14,29,31,931.839966,0.03,-0.02,-0.01,,92,47,100,1382,96,658,0,-5.830343,-35.208992
35,1524,14,20,-2,804.099976,0.03,0.06,0.02,,92,30,100,1373,94,653,0,-5.830366,-35.208927
32,1484,13,23,0,765.599976,-0.10,0.13,0,,92,24,100,1478,91,637,0,-5.830400,-35.208839
28,1488,14,23,0,736.440002,-0.06,-0.08,-0.16,,92,26,100,1564,91,644,0,-5.830420,-35.208782
23,1178,15,36,-29,790.009949,-0.03,0.12,-0.12,,92,37,100,1459,87,665,0,-5.830445,-35.208721
17,1135,14,34,-28,646.424988,-0.02,-0.10,0.02,,92,33,100,1365,92,645,0,-5.830456,-35.208687
15,1397,20,33,-6,815.280029,0.05,0.02,0.03,,92,44,100,1360,97,668,0,-5.830473,-35.208645
17,2065,29,37,10,1340.550049,0.25,0.13,0.03,,92,70,100,1370,100,803,0,-5.830483,-35.208611
21,2019,83,39,15,3095.700195,0.34,0.21,0,,92,76,100,1372,100,668,1,-5.830503,-35.208561
25,1847,89,49,12,3976.389893,0.08,0.07,0.08,,92,77,100,1380,100,650,1,-5.830519,-35.208515
28,1532,24,58,13,1690.760010,0.13,0.04,0.03,,92,65,100,1374,97,659,0,-5.830545,-35.208439
29,1509,20,40,21,1210.604980,-0.01,-0.12,-0.04,,92,53,100,1378,100,673,0,-5.830564,-35.208393
30,1509,13,25,31,772.474976,0.06,0.01,0.01,,92,43,100,1382,97,652,0,-5.830592,-35.208313
30,1500,14,20,8,725,0.05,0.16,0.04,,92,30,100,1375,94,664,0,-5.830611,-35.208256
28,1489,14,20,0,693.359985,-0.01,0.05,0.05,,92,33,100,1409,97,722,0,-5.830637,-35.208176
27,1600,18,26,21,901,-0.19,-0.17,0.07,,92,40,100,1383,97,660,0,-5.830655,-35.208130
27,1718,18,23,26,879.500000,0.18,0.10,0,,92,49,100,1357,97,812,0,-5.830680,-35.208061
27,1683,20,28,26,1012.824951,0.01,-0.11,0,,92,55,100,1373,100,656,0,-5.830693,-35.208015
29,1565,22,38,23,1261.275024,-0.01,-0.03,-0.01,,92,60,100,1374,97,633,0,-5.830721,-35.207939
30,1529,23,43,22,1397.584961,0,-0.06,0.02,,92,61,100,1376,100,651,0,-5.830742,-35.207890
31,1530,22,43,22,1380.099976,0.07,0.09,-0.01,,92,61,100,1378,100,659,0,-5.830771,-35.207809
33,1518,21,40,24,1320.570068,-0.05,-0.10,0.05,,92,60,100,1378,100,911,0,-5.830793,-35.207748
33,1512,20,33,30,1158.959961,0.01,-0.11,0.03,,92,60,100,1372,100,660,0,-5.830828,-35.207661
33,1520,14,23,28,817.599976,0.04,0,0,,92,37,100,1374,100,660,0,-5.830851,-35.207600
32,1527,15,23,25,832.424988,0.03,-0.07,-0.02,,92,37,100,1369,100,653,0,-5.830892,-35.207508
32,1524,15,21,28,801.359985,-0.08,-0.03,0.07,,92,37,100,1379,100,930,0,-5.830916,-35.207447
31,1511,16,23,23,839.969971,-0.05,0.03,-0.04,,92,39,100,1379,100,668,0,-5.830951,-35.207363
31,1545,20,29,27,1063.500000,-0.05,0.02,0.13,,92,54,100,1376,100,656,0,-5.830974,-35.207302
30,1528,16,27,29,891.479919,0.09,0.09,0.04,,92,50,100,1376,100,641,0,-5.831002,-35.207226
29,1508,16,27,25,870.240051,0.07,-0.03,-0.02,,92,44,100,1368,100,668,0,-5.831023,-35.207165
29,1517,16,25,26,841.589966,-0.02,-0.10,0.03,,92,41,100,1379,100,630,0,-5.831055,-35.207085
28,1519,18,29,24,945.915039,-0.01,-0.02,0,,92,49,100,1373,100,631,0,-5.831073,-35.207031
27,1522,18,29,28,930.159973,0.01,0.04,0.07,,92,54,100,1379,97,624,0,-5.831101,-35.206955
26,1538,20,32,28,1026.020020,0.02,0.03,0.02,,92,59,100,1379,100,628,0,-5.831119,-35.206905
25,1511,18,29,28,893.969971,0.04,0.02,-0.03,,92,56,100,1371,97,791,0,-5.831144,-35.206833
25,1537,21,32,26,1036.545044,0.05,0.02,0.04,,92,59,100,1360,100,637,0,-5.831160,-35.206783
24,1534,22,36,23,1120.200073,0.03,0,0.04,,92,60,100,1371,100,645,0,-5.831184,-35.206715
24,1524,21,38,27,1123.439941,0.03,0.01,0,,92,60,100,1374,100,664,0,-5.831200,-35.206673
23,1496,15,26,26,734.020020,0.02,-0.02,0.01,,92,41,100,1376,100,654,0,-5.831225,-35.206604
22,1522,16,24,24,718.060059,0.05,0,0,,92,40,100,1363,100,666,0,-5.831239,-35.206558
20,1519,16,25,24,701.774963,0.01,0.03,0.04,,92,42,100,1374,100,656,0,-5.831260,-35.206505
20,1550,21,34,19,985.500000,0.06,0.01,0.05,,92,56,100,1374,100,655,0,-5.831274,-35.206463
20,1512,21,40,21,1083.599976,0.12,0.09,0.03,,92,60,100,1365,100,646,0,-5.831295,-35.206413
20,1499,21,38,24,1043.709961,0.08,0.05,0.06,,92,60,100,1372,100,1003,0,-5.831311,-35.206371
20,1518,20,34,25,949.859985,0.04,-0.02,0.04,,92,60,100,1378,100,664,0,-5.831333,-35.206318
19,1501,20,33,28,910.259949,0.03,-0.03,0.04,,92,59,100,1361,100,645,0,-5.831348,-35.206280
18,1487,13,25,29,599.205017,0,-0.08,-0.02,,92,38,100,1371,100,642,0,-5.831369,-35.206223
17,1614,15,22,27,607.229980,0.04,-0.05,0.02,,92,40,100,1370,100,646,0,-5.831383,-35.206196
15,1580,13,20,32,504,0.04,-0.04,0,,92,38,100,1369,100,663,0,-5.831402,-35.206154
13,1458,12,21,14,451.860016,-0.07,-0.07,-0.02,,92,32,100,1363,100,641,0,-5.831413,-35.206123
9,1223,16,31,-18,564.599976,-0.07,-0.02,-0.06,,92,38,100,1371,100,643,0,-5.831426,-35.206097
3,1003,19,57,-14,870.899963,0.01,-0.04,0.01,,92,52,100,1354,96,838,0,-5.831429,-35.206089
2,1007,18,59,-13,856.135010,0.08,-0.05,0.06,,92,50,100,1354,100,664,0,-5.831433,-35.206081
3,977,18,60,-12,874.755066,0.07,-0.05,0.06,,92,51,100,1356,100,671,0,-5.831436,-35.206078
3,999,18,59,-12,867.690002,0.06,-0.05,0.05,,92,51,100,1336,100,652,0,-5.831440,-35.206062
4,968,18,60,-14,885.760010,0.08,-0.05,0.05,,92,51,100,1342,100,648,0,-5.831443,-35.206055
5,1304,20,53,10,958.159973,0.10,-0.06,0.07,,92,59,100,1337,100,636,0,-5.831448,-35.206043
6,1125,15,42,9,630,0.07,-0.05,0.04,,92,43,100,1343,100,670,0,-5.831453,-35.206032
6,1002,15,39,7,562.950012,0.05,-0.08,0.02,,92,35,100,1334,100,638,0,-5.831461,-35.206013
6,1022,17,51,-13,775.770020,0.05,-0.08,0.05,,92,48,100,1337,100,655,0,-5.831466,-35.206001
6,981,18,55,-12,848.205017,0.07,-0.08,0.03,,92,50,100,1334,100,637,0,-5.831473,-35.205982
5,988,19,60,6,938.600037,0.07,-0.09,0.07,,92,54,100,1336,100,628,0,-5.831477,-35.205975
7,1436,29,61,12,1474.239990,0.15,-0.09,0.09,,93,67,100,1334,100,638,0,-5.831486,-35.205956
13,2292,89,56,9,3861.239990,0.26,-0.09,0.18,,93,98,100,1337,100,650,1,-5.831497,-35.205936
19,2305,89,49,11,3809.700195,0.14,-0.05,0.10,,93,94,100,1332,100,661,1,-5.831520,-35.205883
24,2143,89,52,13,4196.340332,0.09,-0.09,0.01,,93,92,100,1332,100,668,1,-5.831537,-35.205841
26,1990,89,66,11,5009.400391,0.16,-0.06,0.10,,93,96,100,1338,100,661,2,-5.831561,-35.205772
29,2155,89,58,9,4808.925293,0.07,-0.04,0.15,,93,98,100,1346,100,647,2,-5.831580,-35.205715
34,2358,89,58,12,5178.679688,0.18,-0.02,0.10,,93,106,100,1353,100,649,2,-5.831614,-35.205627
37,2253,89,55,13,5130.379883,0.08,-0.07,0.08,,93,99,100,1353,100,651,2,-5.831641,-35.205559
39,2172,32,47,15,2309.959961,0.02,-0.05,0.10,,93,84,100,1353,100,663,1,-5.831681,-35.205452
40,2284,89,49,13,4976.879883,0.11,-0.02,0.06,,93,90,100,1359,100,650,2,-5.831705,-35.205379
41,2204,89,47,9,4885.760254,0.12,0.01,0.09,,93,89,100,1353,100,632,2,-5.831744,-35.205265
44,2477,89,63,7,6086.694824,0.16,0,0.09,,93,120,100,1353,100,634,2,-5.831773,-35.205185
47,2338,65,64,4,4905.089844,0.10,-0.02,0.11,,94,113,100,1353,100,628,2,-5.831822,-35.205055
51,2577,36,81,7,4076.820068,0.10,-0.01,0.08,,94,123,100,1339,100,640,1,-5.831858,-35.204964
53,2327,30,65,11,3142.929932,0.04,0,0.10,,94,110,100,1363,100,631,1,-5.831914,-35.204815
55,2296,32,51,14,2912.879883,0.04,0.01,0.07,,94,94,100,1359,100,640,1,-5.831955,-35.204716
56,2278,89,50,15,5924.339844,0.02,-0.03,0.03,,94,94,100,1358,100,632,2,-5.832015,-35.204559
57,1817,19,23,11,1486.799927,0.08,0.05,0.02,,95,49,100,1356,96,636,0,-5.832055,-35.204456
57,2165,33,40,16,2650.524902,0.05,0.02,0.02,,95,75,100,1364,100,640,1,-5.832116,-35.204296
58,1855,23,36,14,1952.849976,-0.01,-0.01,0.05,,95,63,100,1353,100,636,0,-5.832157,-35.204189
58,1869,23,31,15,1855.205078,-0.13,-0.05,0.14,,95,57,100,1363,97,631,0,-5.832220,-35.204025
60,1955,25,34,14,2093.850098,-0.02,-0.04,-0.04,,95,66,100,1353,100,655,0,-5.832263,-35.203915
61,1416,23,60,13,2248.179932,0.01,0.01,0.05,,95,62,100,1358,96,678,1,-5.832326,-35.203747
62,1585,12,18,35,1114,-0.06,0.02,-0.01,,95,39,100,1357,96,663,0,-5.832369,-35.203632
59,1505,12,16,0,1014.375000,-0.11,0.03,-0.08,,95,20,100,1417,83,647,0,-5.832432,-35.203465
57,1541,13,18,0,1065.375000,-0.08,0,-0.01,,95,24,100,1545,89,651,0,-5.832473,-35.203362
56,1528,13,20,0,1074.640015,-0.09,0.07,0.02,,94,24,100,1565,87,805,0,-5.832536,-35.203209
56,1628,30,38,11,2175.159912,0.02,0.12,-0.01,,94,62,100,1465,91,643,1,-5.832583,-35.203102
59,2355,89,63,5,6865.550293,0.14,0.16,0.07,,94,105,100,1342,92,630,2,-5.832671,-35.202953
65,2401,31,68,7,3658.165039,0.14,0.07,0.04,,93,113,100,1349,91,633,1,-5.832742,-35.202847
68,2244,30,60,7,3356.159912,0.05,0.02,0.08,,93,100,100,1353,94,631,1,-5.832861,-35.202686
72,2372,24,67,8,3316.539795,0.07,0.09,0.02,,92,102,100,1372,94,641,1,-5.832946,-35.202576
73,1840,22,58,33,2646.200195,-0.03,0,-0.02,,92,62,100,1365,96,629,1,-5.833079,-35.202404
72,1501,11,15,-21,1131.434937,-0.04,-0.03,-0.09,,92,25,100,1372,94,666,0,-5.833168,-35.202290
69,1614,13,14,0,1209.309937,-0.02,0.02,-0.04,,92,22,100,1500,100,653,0,-5.833295,-35.202126
68,1587,13,16,0,1212.540039,-0.02,0.04,-0.01,,91,22,100,1570,91,664,0,-5.833376,-35.202015
67,1551,12,17,0,1155.420044,0,0.04,-0.01,,92,21,100,1575,92,647,0,-5.833497,-35.201859
65,1550,12,16,0,1113.750000,-0.07,0.04,0.01,,92,21,100,1569,92,654,0,-5.833576,-35.201759
63,1565,12,17,0,1106,-0.01,0.03,0.01,,92,21,100,1572,97,660,0,-5.833691,-35.201607
62,1555,12,16,0,1074.449951,-0.01,0.04,-0.02,,92,21,100,1574,89,665,0,-5.833766,-35.201511
60,1528,12,18,0,1063.919922,-0.14,-0.02,-0.04,,92,21,100,1575,92,652,0,-5.833876,-35.201366
53,1449,13,21,0,1017.130005,-0.38,0.03,-0.21,,92,22,100,1568,91,637,0,-5.833943,-35.201279
38,1569,13,20,0,832.010010,-0.36,0.01,-0.21,,92,24,100,1567,82,664,0,-5.834018,-35.201183
24,1243,15,27,-36,699.465027,-0.17,0.03,-0.10,,92,32,100,1512,84,950,0,-5.834052,-35.201145
19,1138,14,34,-25,672.570007,-0.09,0.01,0.08,,92,32,100,1390,100,658,0,-5.834088,-35.201096
19,1815,20,26,16,858.375000,0.06,0.08,0.03,,92,49,100,1354,89,662,0,-5.834111,-35.201069
20,1982,32,40,7,1554.599976,0.12,0.04,0.05,,92,73,100,1364,100,641,0,-5.834146,-35.201023
24,1900,89,51,8,4050,0.13,0.04,0.08,,92,81,100,1374,100,648,1,-5.834188,-35.200970
29,1960,89,55,9,4561.200195,0.11,0.05,0.06,,91,88,100,1357,100,661,2,-5.834222,-35.200920
34,2025,89,59,10,5080.125000,0.12,0.04,0.12,,91,91,100,1372,100,666,2,-5.834281,-35.200844
38,2215,89,59,11,5390.774902,0.14,0.06,0.07,,91,103,100,1383,100,659,2,-5.834326,-35.200783
43,2200,89,62,10,5827.500000,0.13,0.08,0.07,,91,105,100,1379,100,640,2,-5.834403,-35.200687
49,2389,89,74,5,6942.734863,0.13,-0.01,0.11,,90,130,100,1370,100,640,2,-5.834463,-35.200611
55,2465,89,80,4,7671.375000,0.16,-0.03,0.07,,90,133,100,1375,100,638,2,-5.834564,-35.200489
60,2509,89,80,3,7986.300293,0.14,0.03,0.08,,91,137,100,1378,100,510,2,-5.834634,-35.200394
65,2576,89,85,2,8607,0.14,0.07,0.11,,91,146,100,1368,100,495,2,-5.834750,-35.200241
70,2512,35,78,3,4448.879883,0.04,0,0.14,,91,129,100,1378,100,651,1,-5.834834,-35.200130
75,2544,89,78,3,8754.660156,0.13,0.03,0.03,,92,136,100,1371,100,510,2,-5.834968,-35.199959
79,2544,30,73,1,4213.439941,0.03,-0.01,0.09,,92,122,100,1381,100,662,1,-5.835062,-35.199837
83,2528,88,77,3,9062.400391,0.04,-0.04,0.07,,93,136,100,1371,100,505,2,-5.835210,-35.199638
87,2434,39,63,5,4750.500000,0.09,0.03,0.05,,94,118,100,1376,97,668,2,-5.835314,-35.199505
91,2624,59,78,12,7202.779785,0.08,0.01,0.03,,95,128,100,1364,100,653,2,-5.835479,-35.199291
94,2282,32,56,8,4111.500000,0.09,0.05,-0.03,,95,97,100,1372,100,641,1,-5.835593,-35.199142
96,2146,27,45,15,3416.430176,0.06,0.03,-0.06,,95,74,100,1364,100,652,1,-5.835766,-35.198921
97,1897,17,47,37,2589.839844,-0.04,-0.01,-0.02,,95,64,100,1378,96,664,1,-5.835883,-35.198769
96,1845,12,10,0,1613.850098,0.02,0.04,-0.05,,95,20,100,1406,97,665,0,-5.836058,-35.198540
94,1855,12,10,0,1588.599976,-0.05,0.04,-0.07,,94,19,100,1530,91,658,0,-5.836172,-35.198391
89,1751,12,12,0,1490.255127,-0.14,0.09,-0.09,,94,19,100,1572,92,653,0,-5.836333,-35.198181
82,1608,12,13,0,1333.800049,-0.09,0.03,-0.06,,93,20,100,1579,80,659,0,-5.836433,-35.198048
78,1631,12,13,0,1288.104980,-0.13,0.07,-0.05,,92,20,100,1571,82,656,0,-5.836574,-35.197868
71,1565,12,15,0,1188.949951,-0.18,0.15,-0.05,,92,20,100,1560,72,738,0,-5.836664,-35.197754
64,1553,12,16,0,1101.199951,-0.22,0.16,-0.12,,91,20,100,1571,77,801,0,-5.836793,-35.197613
53,1499,13,18,0,993.644958,-0.28,0.05,-0.16,,90,21,100,1565,80,658,0,-5.836870,-35.197536
41,1515,13,18,0,830.424988,-0.26,0.04,-0.17,,90,21,100,1565,80,645,0,-5.836964,-35.197453
29,1485,12,19,0,644.400024,-0.29,0.01,-0.16,,89,21,100,1536,80,667,0,-5.837010,-35.197411
18,1159,14,34,-23,665.340027,-0.11,0.03,-0.01,,89,32,100,1425,80,643,0,-5.837056,-35.197376
16,1530,18,27,-3,715.950012,0.03,0,0.01,,89,36,100,1359,82,638,0,-5.837079,-35.197361
17,1909,25,34,8,1124.295044,0.09,0.01,0.07,,89,60,100,1362,100,625,0,-5.837119,-35.197327
20,2049,33,39,8,1577.955078,0.11,0.01,0.08,,89,74,100,1374,100,630,0,-5.837151,-35.197308
24,1996,89,45,11,3759.120117,0.11,0.02,0.09,,89,79,100,1371,100,624,1,-5.837209,-35.197266
28,1911,89,56,7,4540.620117,0.11,0.03,0.08,,89,85,100,1383,100,631,2,-5.837254,-35.197231
32,1976,89,57,9,4839.820312,0.20,0.06,0.02,,89,88,100,1382,100,639,2,-5.837332,-35.197182
37,2223,89,60,9,5394.654785,0.14,0.03,0.07,,90,102,100,1379,100,659,2,-5.837391,-35.197136
42,2266,89,66,7,6029.640137,0.09,-0.01,0.12,,90,113,100,1382,100,650,2,-5.837492,-35.197063
47,2296,89,69,8,6493.680176,0.13,0.02,0.08,,90,118,100,1382,100,646,2,-5.837568,-35.197014
52,2316,89,70,8,6841.760254,0.15,0.03,0.08,,91,120,100,1363,100,662,2,-5.837695,-35.196922
57,2277,28,67,9,3147.739990,0.07,0.02,0.08,,92,104,100,1383,100,672,1,-5.837786,-35.196865
60,2293,84,65,8,6683.125000,0.08,0.01,0.05,,92,114,100,1381,100,666,2,-5.837933,-35.196758
64,2331,89,67,8,7356.304688,0.13,0.03,0.06,,93,116,100,1383,100,502,2,-5.838037,-35.196690
68,2280,89,67,8,7546.500000,0.06,0.01,0.05,,93,115,100,1383,100,502,2,-5.838202,-35.196571
71,2301,33,62,15,3724.665039,0.10,0,0.02,,94,100,80,1385,100,674,1,-5.838316,-35.196491
72,1785,32,59,12,3265.175049,0,0,0,,95,78,100,1369,100,658,1,-5.838491,-35.196373
72,1510,17,51,34,1974.150024,0.01,0.01,-0.02,,96,54,100,1374,92,641,0,-5.838608,-35.196289
68,1566,12,15,0,1147.889893,-0.20,0.02,-0.12,,96,22,100,1389,80,644,0,-5.838778,-35.196171
58,1538,13,16,0,1050.060059,-0.19,0.05,-0.22,,97,22,100,1507,82,665,0,-5.838876,-35.196102
45,1491,13,19,0,893.119995,-0.37,-0.02,-0.22,,97,23,100,1572,80,663,0,-5.838993,-35.196026
30,1426,13,19,0,667.870056,-0.31,-0.01,-0.19,,97,24,100,1554,82,669,0,-5.839048,-35.195984
18,1125,14,32,-30,631.250000,-0.10,-0.01,-0.05,,96,32,100,1429,83,896,0,-5.839099,-35.195950
16,1534,19,28,-2,755.479980,0.06,-0.01,0,,95,39,100,1359,92,649,0,-5.839127,-35.195927
18,1843,23,32,10,1035.750000,0.09,0,0.05,,94,59,100,1367,100,646,0,-5.839171,-35.195900
20,1994,28,35,9,1318.349976,0.11,0,0.07,,93,69,100,1369,100,643,0,-5.839204,-35.195877
24,1888,89,44,12,3667.919922,0.13,0.02,0.07,,92,76,100,1382,100,642,1,-5.839262,-35.195835
28,1843,89,56,12,4512.060059,0.10,-0.04,0.07,,91,81,100,1376,100,646,1,-5.839305,-35.195805
31,1877,89,54,13,4580.225098,0.08,-0.02,0.07,,90,82,100,1370,100,653,2,-5.839378,-35.195751
34,1947,89,57,11,4935.385254,0.11,0.01,0.07,,89,85,100,1374,100,669,2,-5.839433,-35.195713
37,2098,89,54,12,5004.089844,0.11,0.02,0.08,,89,90,100,1373,100,651,2,-5.839522,-35.195648
40,2048,89,54,12,5145.560059,0.09,0.05,0.05,,89,89,100,1374,100,644,2,-5.839587,-35.195599
43,2150,89,61,9,5746,0.13,0.03,0.08,,89,98,100,1379,97,636,2,-5.839696,-35.195526
47,2279,89,63,9,6148.450195,0.16,0.07,0.09,,89,109,100,1383,100,816,2,-5.839776,-35.195480
50,2249,89,64,8,6354.930176,0.14,0.07,0.10,,90,110,100,1372,96,658,2,-5.839907,-35.195408
54,2521,89,78,4,7537.859863,0.14,0.04,0.08,,90,136,100,1376,100,503,2,-5.840003,-35.195358
57,2447,89,82,3,7886.165039,0.13,0.08,0.07,,91,135,100,1379,100,522,2,-5.840156,-35.195293
60,2482,89,81,3,8024.310059,0.13,0.11,0.11,,91,135,100,1374,100,513,2,-5.840266,-35.195251
63,2515,89,81,3,8218.799805,0.12,0.04,0.09,,92,138,100,1368,97,524,2,-5.840444,-35.195202
65,2380,26,76,21,3510.899902,0.05,0.11,0.04,,93,104,100,1365,100,1040,1,-5.840567,-35.195168
64,1776,16,39,36,1738.640015,0,0.15,-0.02,,94,54,100,1370,85,664,0,-5.840755,-35.195133
61,1434,13,18,0,1079.930054,-0.06,0.11,-0.05,,94,23,100,1389,86,653,0,-5.840876,-35.195122
54,1519,13,17,0,1000.744995,-0.19,0.09,-0.10,,95,23,100,1508,80,636,0,-5.841040,-35.195103
43,1503,13,21,0,896.960022,-0.25,0.13,-0.13,,96,23,100,1572,72,631,0,-5.841130,-35.195103
28,1262,14,22,18,665.500000,-0.26,0.06,-0.15,,97,30,100,1546,76,625,0,-5.841222,-35.195103
17,1131,14,32,-23,620.095032,-0.09,0.01,0.06,,97,33,100,1424,96,629,0,-5.841258,-35.195103
13,1477,21,38,-6,912.135010,0.06,0.01,0.05,,97,48,100,1356,83,626,0,-5.841297,-35.195107
14,2072,88,46,4,3261.600098,0.21,0.07,0.14,,97,81,100,1364,100,638,1,-5.841323,-35.195107
19,2444,89,44,15,3573.360107,0.17,0.04,0.11,,97,91,100,1371,100,674,1,-5.841374,-35.195110
23,2264,89,53,10,4242.319824,0.18,0.06,0.11,,96,95,100,1379,100,652,1,-5.841418,-35.195110
28,2159,89,63,11,5031.844727,0.18,0.08,0.12,,95,103,100,1378,100,643,2,-5.841498,-35.195110
33,2230,89,67,8,5565,0.20,0.08,0.14,,94,111,100,1373,100,675,2,-5.841561,-35.195122
38,2279,89,66,8,5813.079590,0.17,0.06,0.14,,92,114,100,1361,100,638,2,-5.841670,-35.195129
43,2298,89,69,8,6270.880371,0.12,0.05,0.14,,92,117,100,1353,92,671,2,-5.841753,-35.195137
48,2294,34,69,8,3330.989990,0.11,0,0.12,,91,110,100,1360,100,652,1,-5.841892,-35.195152
53,2215,89,63,10,6446.700195,0.07,-0.03,0.08,,91,108,100,1376,100,666,2,-5.841994,-35.195164
57,1996,30,55,13,2797.759766,0.12,0,0.01,,91,85,100,1383,100,642,1,-5.842158,-35.195179
59,1802,21,53,33,2185.119873,-0.01,0,0.04,,91,69,100,1374,100,633,1,-5.842274,-35.195190
61,1472,13,20,0,1122.660034,-0.01,0.19,-0.01,,92,28,100,1383,92,659,0,-5.842453,-35.195210
62,1556,18,27,20,1493.420044,0.01,0.31,-0.01,,92,46,100,1371,93,1028,0,-5.842574,-35.195240
64,1788,89,60,10,6626.560059,0.01,0.10,0.01,,92,76,100,1375,80,649,2,-5.842748,-35.195316
67,1978,89,52,13,6472.409668,0.03,0,0.05,,93,83,100,1376,96,651,2,-5.842863,-35.195381
70,1910,89,50,11,6486,0.02,0.09,0.06,,94,81,100,1386,87,637,2,-5.843041,-35.195484
72,2032,89,51,13,6723.180176,0.06,0.18,0.01,,94,85,100,1372,91,656,2,-5.843162,-35.195560
75,1998,89,52,16,6920.229980,0.06,0.22,-0.01,,95,84,100,1367,87,644,2,-5.843338,-35.195698
76,1595,17,40,27,1911.099976,0,0.27,-0.02,,95,56,100,1362,83,668,0,-5.843448,-35.195797
76,1594,22,40,20,2200.520020,-0.01,0.19,0.01,,96,58,100,1367,86,669,1,-5.843595,-35.195969
75,1648,11,14,16,1222.859985,0.02,0.20,-0.05,,96,30,100,1376,80,643,0,-5.843716,-35.196159
73,1575,12,12,0,1179.375000,-0.06,0.21,-0.10,,96,19,100,1459,80,854,0,-5.843780,-35.196293
67,1548,13,16,0,1181.919922,-0.07,0.16,-0.03,,96,22,100,1575,70,647,0,-5.843829,-35.196415
64,1585,13,16,0,1154,-0.04,0.14,0,,96,22,100,1575,83,629,0,-5.843881,-35.196606
62,1542,12,16,0,1069.380005,-0.02,0.15,0,,95,21,100,1565,82,666,0,-5.843906,-35.196724
60,1528,12,17,0,1050.279907,-0.09,0.11,0,,95,21,100,1571,82,654,0,-5.843924,-35.196903
57,1511,12,17,0,1003.070007,-0.21,0.11,-0.08,,94,21,100,1576,77,648,0,-5.843926,-35.197021
49,1509,13,19,0,955.059998,-0.26,0.04,-0.17,,94,22,100,1565,82,634,0,-5.843917,-35.197178
40,1515,13,19,0,830.424988,-0.24,-0.02,-0.16,,93,22,100,1575,82,639,0,-5.843910,-35.197254
31,1528,13,19,0,706.999939,-0.14,-0.04,-0.15,,93,22,100,1584,83,631,0,-5.843903,-35.197357
26,1148,15,33,-32,781.159973,0.01,0.03,-0.05,,92,33,100,1480,96,634,0,-5.843898,-35.197407
28,1729,21,28,19,1072.119995,0.03,0.05,0.04,,91,51,100,1361,91,638,0,-5.843893,-35.197491
31,1796,24,34,18,1363.699951,0.07,0.07,0.03,,91,60,100,1361,100,635,0,-5.843888,-35.197552
34,1672,30,49,13,1938.880005,0.07,0.02,0.03,,90,70,100,1371,100,631,0,-5.843879,-35.197651
37,1647,89,53,13,4746.149902,0.08,0.02,0.03,,90,73,100,1383,96,667,2,-5.843872,-35.197723
40,1664,89,52,13,4859.439941,0.07,0.01,0.03,,90,74,100,1384,96,655,2,-5.843860,-35.197842
41,1547,22,52,14,1742.354980,0.04,0.05,0.02,,89,63,100,1381,100,657,0,-5.843852,-35.197922
42,1502,12,20,30,837.619995,0.03,0.11,-0.01,,89,35,100,1376,94,641,0,-5.843838,-35.198044
41,1503,12,20,0,824.414978,-0.10,0.21,0.01,,90,23,100,1439,82,667,0,-5.843823,-35.198128
38,1514,14,21,0,859.630066,-0.09,0.18,0.01,,90,25,100,1570,80,642,0,-5.843791,-35.198235
34,1480,14,22,0,806.399963,-0.43,-0.13,-0.06,,90,25,100,1567,100,654,0,-5.843775,-35.198303
27,1415,14,23,0,703.750000,-0.14,0.02,-0.09,,91,27,100,1559,100,648,0,-5.843766,-35.198391
20,1143,15,37,-30,753.255005,-0.19,0.11,-0.05,,91,36,100,1439,96,655,0,-5.843761,-35.198433
13,1093,14,35,-23,598.320007,-0.13,0.05,-0.09,,91,34,100,1363,80,655,0,-5.843753,-35.198475
8,993,14,33,-15,490.565002,-0.10,0.03,-0.06,,92,35,100,1380,91,661,0,-5.843745,-35.198490
5,994,18,52,-13,796.289978,0.01,0.03,-0.01,,92,50,100,1372,87,663,0,-5.843734,-35.198505
5,1007,18,60,-13,912.274963,0.02,0.08,0.01,,92,51,100,1365,100,636,0,-5.843725,-35.198513
5,991,18,59,-4,893.119995,0.08,0.05,0.06,,92,50,100,1343,89,630,0,-5.843712,-35.198513
6,1171,16,41,16,651.184998,0.01,0.04,0.02,,92,53,100,1337,100,660,0,-5.843699,-35.198513
8,1018,13,34,9,486.779999,-0.01,0.10,0.01,,93,30,100,1337,94,1101,0,-5.843676,-35.198513
9,1243,20,42,10,826.965027,-0.02,0.13,0,,93,45,100,1336,87,657,0,-5.843658,-35.198509
11,1592,23,45,15,1089.760010,0.04,0.15,0.07,,93,59,100,1348,94,629,0,-5.843637,-35.198486
13,2002,89,44,12,3107.069824,0.25,0.19,0.12,,94,76,100,1339,100,635,1,-5.843631,-35.198463
18,2224,89,43,15,3392.819824,0.57,0.37,0.01,,94,85,100,1342,91,630,1,-5.843635,-35.198418
23,2109,89,49,14,3963.240234,0.19,-0.08,0.05,,94,87,100,1326,97,647,1,-5.843641,-35.198372
27,1822,89,61,11,4717.679688,-0.09,-0.15,0.09,,94,83,100,1337,100,654,2,-5.843650,-35.198296
30,1808,89,61,11,4872.140137,0.09,-0.03,0.24,,95,83,100,1347,100,642,2,-5.843657,-35.198238
33,1793,89,61,11,5025.709961,0.50,0.30,0.04,,95,83,100,1341,100,629,2,-5.843669,-35.198143
35,1698,89,58,13,4928.069824,0.10,-0.04,0.03,,95,80,100,1353,100,633,2,-5.843677,-35.198074
36,1466,14,43,28,1132.069946,-0.18,-0.22,-0.05,,96,52,100,1363,100,658,0,-5.843691,-35.197968
35,1516,14,23,-11,845.640015,0,-0.03,-0.04,,96,38,100,1363,100,643,0,-5.843700,-35.197895
29,1471,13,26,0,762.025024,-0.78,-0.31,-0.03,,95,26,100,1470,92,630,0,-5.843712,-35.197807
22,1180,16,36,-22,806.200012,-0.19,-0.02,-0.09,,95,40,100,1415,89,630,0,-5.843720,-35.197735
17,1139,15,38,-25,725.725037,-0.07,-0.19,-0.06,,95,37,100,1351,92,633,0,-5.843720,-35.197704
14,1054,14,33,-23,576.690002,-0.03,-0.09,0.01,,95,34,100,1352,100,630,0,-5.843701,-35.197674
11,1024,14,33,-21,533.280029,-0.10,-0.06,0.01,,95,35,100,1364,100,623,0,-5.843683,-35.197662
11,1649,25,49,3,1244.699951,0.05,-0.15,0.10,,94,61,100,1349,100,628,0,-5.843662,-35.197655
12,1759,27,43,11,1226.225098,0.10,0,0.09,,94,66,100,1369,100,653,0,-5.843623,-35.197655
16,1929,25,35,13,1129.395020,0.13,-0.01,0.02,,94,65,100,1364,100,665,0,-5.843593,-35.197655
20,1971,89,47,12,3641.785156,0.10,0.02,0.12,,93,77,100,1359,94,663,1,-5.843537,-35.197643
23,1975,89,49,12,3915,0.27,0.06,0.09,,93,82,100,1374,100,743,1,-5.843468,-35.197632
27,1729,89,60,13,4623.615234,-0.10,-0.04,-0.09,,92,81,100,1369,100,661,2,-5.843416,-35.197628
27,1780,89,69,12,5126.399902,0.38,0.35,0.11,,92,83,100,1360,87,654,2,-5.843338,-35.197605
27,1875,31,51,14,1940.250000,-0.04,0.03,0.20,,92,76,100,1357,82,629,0,-5.843292,-35.197575
25,1625,18,34,21,1010.375000,0,-0.44,-0.02,,92,53,100,1365,100,634,0,-5.843224,-35.197548
23,1593,14,24,27,703.354980,0.13,-0.20,0.02,,92,42,100,1357,100,629,0,-5.843178,-35.197548
19,1548,14,22,2,604.339966,-0.52,-0.19,0.05,,92,38,100,1368,92,676,0,-5.843121,-35.197559
14,1345,16,38,-14,765.700012,-0.03,0.20,-0.06,,92,41,100,1368,87,655,0,-5.843092,
11,1040,15,37,-16,609.599976,-0.06,0.16,-0.04,,92,37,100,1359,80,675,0,-5.843061,-35.197556
10,1154,16,39,7,674.730042,-0.01,0.15,-0.01,,92,38,100,1372,77,630,0,-5.843049,-35.197544
11,1644,23,41,12,1025.439941,0.06,0.14,0.11,,92,59,100,1362,97,652,0,-5.843035,-35.197514
14,1928,26,36,15,1132,0.06,0.02,0.01,,93,63,100,1359,89,638,0,-5.843029,-35.197487
17,1830,24,38,20,1163.250000,0.19,0.11,0.05,,93,64,100,1365,100,663,0,-5.843025,-35.197441
19,1608,14,25,32,661.760010,-0.12,0.01,0.08,,93,52,100,1365,96,687,0,-5.843025,-35.197399
18,1496,14,24,15,608.160034,-0.16,-0.09,-0.02,,94,36,100,1361,91,634,0,-5.843029,-35.197346
15,1409,14,25,-6,561.799988,-0.19,0.10,-0.06,,94,38,100,1368,74,628,0,-5.843038,-35.197319
9,1155,15,39,-12,637.200012,-0.10,0.03,-0.05,,94,43,100,1361,80,645,0,-5.843052,-35.197296
5,966,18,45,-10,691.500000,-0.08,-0.03,-0.03,,94,47,100,1356,96,639,0,-5.843062,-35.197289
3,1029,18,60,-14,891.135010,-0.05,-0.02,-0.02,,95,51,100,1353,96,672,0,-5.843069,-35.197285
0,991,18,56,-13,781.479980,-0.01,-0.01,0,,95,50,100,1343,92,632,0,-5.843070,-35.197285
0,983,17,58,-13,778.070007,0.02,0,0.02,,95,49,100,1335,100,632,0,-5.843070,-35.197285
0,1015,16,47,-20,614.524963,0.02,0,0.01,,95,43,100,1347,94,638,0,-5.843070,-35.197285
0,971,14,38,-9,450.489990,0.02,0,0.01,,95,35,100,1326,100,631,0,-5.843070,-35.197281
0,961,14,35,-9,413.174988,0.02,0,0.02,,96,36,100,1359,100,629,0,-5.843071,-35.197281
0,0,10,41,0,205,0.05,0.02,0.04,,96,30,100,1336,97,821,0,-5.843071,-35.197281
